customer_id,customer_name,net_revenue,cumulative_revenue,cumulative_pct,abc_class
C0400,Dr. Erick Costa,194622.88000000003,194622.88000000003,0.006081195622332853,A
C0099,Sra. Ana Laura Aragão,192429.8,387052.68000000005,0.012093866164287563,A
C0237,Dra. Isabelly Caldeira,182018.46,569071.14,0.017781223489057224,A
C0200,Igor Gomes,174021.69999999998,743092.84,0.023218713676392447,A
C0003,Cauã Rocha,171260.58,914353.4199999999,0.028569929778909195,A
C0074,Théo Da Costa,167274.66999999998,1081628.0899999999,0.03379660195091267,A
C0455,Yan Silva,164803.31,1246431.4,0.03894605389262664,A
C0219,Mateus Duarte,164026.3,1410457.7,0.04407122734349457,A
C0359,Luísa Brito,163782.52,1574240.22,0.0491887836330667,A
C0097,Juan Cunha,162337.61,1736577.83,0.054261192197116205,A
C0280,Larissa Melo,159954.25,1896532.08,0.059259130182997076,A
C0283,Bruna Azevedo,159152.25,2055684.33,0.06423200883932167,A
C0140,Srta. Isabela Castro,157480.43,2213164.7600000002,0.06915264972963785,A
C0315,Juliana Oliveira,153940.73,2367105.49,0.07396268898799598,A
C0308,Ravi Lucca Sales,153428.54,2520534.0300000003,0.07875672433362914,A
C0076,Caroline Silveira,152921.53999999998,2673455.5700000003,0.08353491793352036,A
C0004,Dra. Aurora Pastor,149687.77,2823143.3400000003,0.08821206900455973,A
C0231,Sra. Maria Eduarda Cavalcante,147154.79,2970298.1300000004,0.09281007446390403,A
C0254,Dr. Luigi Da Mota,144732.53999999998,3115030.6700000004,0.09733239418631855,A
C0259,Renan Ramos,142079.35,3257110.0200000005,0.10177181220974878,A
C0225,Bernardo Vasconcelos,136691.46,3393801.4800000004,0.10604287996993342,A
C0084,Gael Correia,136039.06,3529840.5400000005,0.11029356280916731,A
C0337,Henry Gabriel Camargo,133159.28,3662999.8200000003,0.11445426390766608,A
C0078,Maria Luísa Correia,132565.81,3795565.6300000004,0.11859642141475367,A
C0251,Maria Helena Fernandes,131276.54,3926842.1700000004,0.122698294331047,A
C0255,Kamilly Novais,131095.64,4057937.8100000005,0.12679451483746906,A
C0012,Eduardo Cunha,130561.94,4188499.7500000005,0.1308740593286989,A
C0311,Anna Liz Peixoto,128949.81,4317449.5600000005,0.13490323113045546,A
C0484,Arthur Borges,128127.7,4445577.260000001,0.13890671524465406,A
C0032,Levi Cunha,127945.43000000001,4573522.69,0.14290450414189726,A
C0475,Luiz Fernando Novais,126780.72,4700303.41,0.14686590045593909,A
C0096,Dra. Raquel Cassiano,126560.08,4826863.49,0.15082040264220872,A
C0102,Anna Liz Cirino,125982.42,4952845.91,0.15475685523706756,A
C0184,Srta. Bianca Vasconcelos,125948.01,5078793.92,0.158692232655455,A
C0157,Bruna Gomes,125934.02,5204727.9399999995,0.16262717294164736,A
C0100,Pietra Montenegro,125838.85,5330566.789999999,0.16655913954156304,A
C0447,Bianca Machado,125518.56000000001,5456085.349999999,0.17048109834514008,A
C0114,Beatriz Barbosa,124978.91,5581064.259999999,0.1743861952195463,A
C0289,Maria Helena Machado,124622.87999999999,5705687.139999999,0.1782801675639002,A
C0158,Esther Da Cunha,123403.95,5829091.089999999,0.18213605316439374,A
C0290,Letícia Pastor,119875.1,5948966.189999999,0.18588167615253734,A
C0357,Clarice Monteiro,119655.93,6068622.119999998,0.18962045094459756,A
C0377,Emilly Cavalcante,119624.03,6188246.1499999985,0.193358228987764,A
C0341,Oliver Mendes,119137.20999999999,6307383.3599999985,0.1970807958304135,A
C0212,Mathias Fernandes,118183.40000000001,6425566.759999999,0.2007735598811377,A
C0426,Melina Da Costa,117848.37,6543415.129999999,0.20445585556879306,A
C0479,Juliana Alves,115361.32,6658776.449999999,0.20806044077568414,A
C0342,Isabelly Marques,115244.04,6774020.489999999,0.2116613614462032,A
C0340,Thomas Santos,114884.68000000001,6888905.169999999,0.21525105353733406,A
C0077,Olívia Da Cruz,113600.06,7002505.229999999,0.21880060633178838,A
C0199,Anna Liz Carvalho,113567.78,7116073.009999999,0.2223491505038511,A
C0115,Hadassa Montenegro,113050.09,7229123.099999999,0.22588151890993127,A
C0465,Bryan Borges,112259.57,7341382.669999999,0.22938918669107278,A
C0113,Sr. Anthony Marques,111672.26,7453054.929999999,0.23287850335645158,A
C0499,Miguel Peixoto,111375.88,7564430.809999999,0.23635855931847138,A
C0270,Dra. Ester Correia,111111.98,7675542.789999999,0.23983036944873326,A
C0303,Yago Câmara,109794.86,7785337.649999999,0.24326102478579664,A
C0373,Luan Vieira,108742.62,7894080.27,0.24665880178254548,A
C0489,Emanuel Sá,108686.05,8002766.319999999,0.2500548111904252,A
C0473,Sofia Cunha,108155.15,8110921.47,0.25343423207204385,A
C0236,Srta. Ana Vitória Pastor,108039.41,8218960.88,0.25681003653620255,A
C0378,Bruno Pimenta,107221.98999999999,8326182.87,0.26016029985676287,A
C0054,Fernanda Cassiano,105353.88,8431536.75,0.2634521921247829,A
C0175,Srta. Antonella Da Paz,104321.90000000001,8535858.65,0.26671183909739704,A
C0110,Sra. Isabella Da Luz,103002.37000000001,8638861.02,0.26993025597383985,A
C0101,Eduarda Araújo,102823.23000000001,8741684.25,0.27314307543345384,A
C0454,Sr. Benício Cardoso,102596.5,8844280.75,0.2763488104768705,A
C0279,Bella Albuquerque,101710.82,8945991.57,0.27952687152153227,A
C0069,Henry Gabriel Azevedo,100343.42,9046334.99,0.2826622067217611,A
C0166,Laís Novaes,98090.84,9144425.83,0.2857271577018255,A
C0176,Lívia Borges,97268.81,9241694.64,0.2887664234940156,A
C0477,Paulo Novais,97140.3,9338834.940000001,0.2918016738567279,A
C0146,Raul Ferreira,96692.49,9435527.430000002,0.29482293192721,A
C0093,Mateus Abreu,95922.44,9531449.870000001,0.2978201289793319,A
C0393,Sra. Laura Vasconcelos,95035.64,9626485.510000002,0.3007896170371266,A
C0221,Dr. João Lucas Sá,94006.11,9720491.620000001,0.3037269363523301,A
C0261,Caleb Da Rocha,93207.06,9813698.680000002,0.3066392885138155,A
C0335,Leonardo Novaes,92978.55,9906677.230000002,0.3095445006411402,A
C0154,Julia Andrade,92973.23999999999,9999650.470000003,0.31244954685195625,A
C0148,Gael Guerra,92636.84999999999,10092287.320000002,0.3153440822050797,A
C0177,Leonardo Câmara,91726.69,10184014.010000002,0.3182101786562219,A
C0179,Joaquim Melo,91610.44,10275624.450000001,0.3210726427544204,A
C0439,Erick Camargo,91168.94,10366793.39,0.32392131172294414,A
C0252,Thales Duarte,90234.79,10457028.18,0.3267407921968232,A
C0180,Ana Sophia Marques,89359.64,10546387.82,0.32953292769282067,A
C0043,Matheus Garcia,88693.2,10635081.02,0.3323042395733698,A
C0143,Isadora Da Mata,88091.46,10723172.48,0.33505674945770053,A
C0128,Otávio Da Mota,87949.29000000001,10811121.77,0.33780481709155363,A
C0395,Esther Pinto,87291.9,10898413.67,0.34053234388668235,A
C0266,Luísa Fogaça,87086.83,10985500.5,0.34325346305498794,A
C0358,Davi Lucas Montenegro,85190.73,11070691.23,0.3459153365939025,A
C0071,Hellena Abreu,84089.51,11154780.74,0.3485428013611288,A
C0186,Dra. Nicole Aragão,83896.56,11238677.3,0.3511642372036196,A
C0241,Sr. Thiago Ramos,83644.67,11322321.97,0.35377780247937485,A
C0139,Maria Luísa Pinto,83008.1,11405330.07,0.3563714774591006,A
C0326,Sr. Nathan Moraes,82314.69,11487644.76,0.35894348611749516,A
C0153,José Pedro Cavalcanti,82088.31,11569733.07,0.36150842129580874,A
C0436,Igor Farias,82033.84000000001,11651766.91,0.36407165450195156,A
C0193,Sra. Milena Da Luz,81621.31,11733388.22,0.36662199777639637,A
C0136,Luiz Henrique Costela,81335.56,11814723.780000001,0.36916341249296,A
C0151,Maria Liz Rocha,80480.93000000001,11895204.71,0.3716781234005227,A
C0425,Léo Cunha,80121.09,11975325.8,0.37418159073059476,A
C0480,João Gabriel Sampaio,79009.79,12054335.59,0.37665033432882655,A
C0500,André Costela,78817.26,12133152.85,0.37911306212566254,A
C0060,Sra. Ana Lívia Teixeira,78715.03,12211867.879999999,0.3815725956391312,A
C0066,Murilo Rios,78268.52,12290136.399999999,0.3840181774802306,A
C0277,Benjamim Novaes,77564.03,12367700.429999998,0.38644174679379995,A
C0005,Ana Beatriz Alves,76898.49,12444598.919999998,0.3888445206133633,A
C0108,Stephany Dias,76421.07,12521019.989999998,0.3912323769452498,A
C0471,João Pedro Peixoto,76388.42,12597408.409999998,0.3936192130937074,A
C0296,Yuri Barbosa,76125.77,12673534.179999998,0.3959978424679655,A
C0018,Luiz Miguel Oliveira,76116.75,12749650.929999998,0.39837619000288127,A
C0235,Maria Flor Gonçalves,75884.3,12825535.229999999,0.4007472743942118,A
C0262,Nathan Sales,75025.14,12900560.37,0.4030915134319494,A
C0192,Melissa Castro,74991.49,12975551.86,0.4054347010402111,A
C0006,Henrique Da Conceição,74742.93,13050294.79,0.4077701221310733,A
C0317,Melina Da Mota,74375.69,13124670.479999999,0.41009406842369817,A
C0044,Nina Moura,74159.21,13198829.69,0.41241125057210576,A
C0120,Vitória Albuquerque,74015.39,13272845.08,0.41472393891405845,A
C0268,Igor Campos,73674.18,13346519.26,0.4170259657923729,A
C0162,Ana Lívia Rios,73463.26,13419982.52,0.41932140225449027,A
C0449,Vicente Da Rosa,73140.66,13493123.18,0.4216067587419009,A
C0248,Juliana Duarte,72848.07,13565971.25,0.42388297294847,A
C0470,Mariana Silveira,72437.15,13638408.4,0.42614634752947644,A
C0206,Maria Helena Mendes,71938.24,13710346.64,0.4283941331452598,A
C0001,Brenda Alves,71420.62,13781767.26,0.4306257451822839,A
C0188,Catarina Martins,71322.27,13853089.53,0.43285428417060245,A
C0372,Kaique Alves,71199.82,13924289.35,0.43507899708048686,A
C0458,Beatriz Vieira,70706.96,13994996.31,0.43728831006373153,A
C0137,Isadora Rios,70705.42,14065701.73,0.43949757492806407,A
C0353,Sr. Isaque Oliveira,70683.08,14136384.81,0.44170614175571044,A
C0160,Zoe Rodrigues,70167.94,14206552.75,0.44389861249479373,A
C0057,Dr. Antony Camargo,70028.45999999999,14276581.21,0.4460867250352654,A
C0165,Maria Luísa Duarte,69277.08,14345858.290000001,0.44825135992107124,A
C0098,Vitor Hugo Araújo,69245.76,14415104.05,0.4504150161806904,A
C0397,Asafe Das Neves,68588.58,14483692.63,0.45255813816325496,A
C0207,Luiz Gustavo Da Rosa,68452.13,14552144.760000002,0.45469699662272983,A
C0419,Vitor Gabriel Carvalho,68427.82,14620572.580000002,0.4568350954908063,A
C0338,Bárbara Ramos,67582.19,14688154.770000001,0.4589467717643034,A
C0257,Isaque Silveira,67328.04,14755482.81,0.461050506854999,A
C0301,Isabel Da Luz,67225.24,14822708.05,0.46315102985208073,A
C0021,Bruno Da Conceição,67126.78,14889834.83,0.4652484763633917,A
C0325,Levi Da Cunha,67088.67,14956923.5,0.4673447320878581,A
C0324,Ana Carolina Marques,67069.83,15023993.33,0.46944039913680224,A
C0370,Srta. Maya Brito,67042.65,15091035.98,0.4715352169181936,A
C0072,Bento Da Conceição,66815.12,15157851.1,0.4736229252865501,A
C0356,Sra. Maria Helena Gomes,66793.31,15224644.41,0.4757099521786253,A
C0144,Cauê Garcia,66626.7,15291271.11,0.47779177316683835,A
C0421,Ágatha Leão,66615.32,15357886.43,0.4798732385750386,A
C0135,Leandro Fonseca,66365.81,15424252.24,0.4819469077820947,A
C0291,Lorena Nunes,66066.72,15490318.96,0.48401123160900494,A
C0116,Davi Lucca Ferreira,65940.06,15556259.020000001,0.48607159781162396,A
C0375,Dr. Diogo Da Cruz,65707.18000000001,15621966.200000001,0.48812468743485754,A
C0131,Sra. Mariane Novais,65654.16,15687620.360000001,0.49017612039268826,A
C0070,Sr. Yuri Da Conceição,65007.05,15752627.410000002,0.492207333721156,A
C0298,Olivia Da Rocha,64971.05,15817598.460000003,0.49423742219193795,A
C0243,Pedro Fonseca,64788.06,15882386.520000003,0.4962617929486107,A
C0366,Yasmin Garcia,64608.69,15946995.210000003,0.4982805591018639,A
C0092,Murilo Araújo,64453.71,16011448.920000004,0.5002944827427798,A
C0365,Sra. Anna Liz Farias,63925.14,16075374.060000004,0.5022918906607234,A
C0232,Bruna Vasconcelos,63922.22,16139296.280000005,0.5042892073402105,A
C0469,Noah Fogaça,63890.22,16203186.500000006,0.506285524146199,A
C0362,Nicolas Rezende,63871.96,16267058.460000006,0.5082812703993724,A
C0067,Maria Fernanda Macedo,63687.6,16330746.060000006,0.5102712561313526,A
C0488,Sra. Antonella Aragão,63506.55,16394252.610000007,0.5122555847665545,A
C0273,Carlos Eduardo Correia,63238.62,16457491.230000006,0.5142315416484297,A
C0380,Cecília Da Conceição,63215.270000000004,16520706.500000006,0.5162067689351114,A
C0239,Ana Cecília Ferreira,63190.96,16583897.460000006,0.5181812366303948,A
C0429,Kamilly Correia,63159.939999999995,16647057.400000006,0.5201547350733056,A
C0329,Maria Cecília Pinto,62821.24,16709878.640000006,0.5221176504801556,A
C0491,João Gabriel Macedo,62786.740000000005,16772665.380000006,0.52407948789839,A
C0150,Luiz Fernando Ramos,62650.49,16835315.870000005,0.5260370680427441,A
C0444,Otto Moura,62650.38,16897966.250000004,0.527994644750033,A
C0306,Leandro Peixoto,62526.33,16960492.580000002,0.5299483453852128,A
C0418,Bruna Brito,62417.91,17022910.490000002,0.5318986583239956,A
C0129,Alexandre Farias,62383.98,17085294.470000003,0.5338479110844094,A
C0327,Vitor Hugo Martins,61767.63,17147062.1,0.5357779053438607,A
C0398,Ana Beatriz Pacheco,61594.049999999996,17208656.150000002,0.5377024759145036,A
C0265,Vitória Ferreira,61444.94,17270101.090000004,0.5396223873871039,A
C0432,Alícia Aragão,61287.96,17331389.050000004,0.5415373938552731,A
C0209,Dra. Ísis Pereira,61260.68,17392649.730000004,0.5434515479312848,A
C0149,Dr. Bernardo Vargas,61105.36,17453755.090000004,0.5453608488713031,A
C0486,Mirella Fernandes,61055.84,17514810.930000003,0.5472686025070824,A
C0109,Gustavo Rios,60945.45,17575756.380000003,0.5491729068917525,A
C0216,Amanda Barros,60800.99,17636557.37,0.5510726974724975,A
C0355,Ana Clara Dias,60710.74,17697268.11,0.5529696680975165,A
C0263,Leandro Ribeiro,60457.61,17757725.72,0.5548587294107018,A
C0068,Milena Campos,60359.08,17818084.799999997,0.556744712050893,A
C0384,Pedro Miguel Ferreira,60335.82,17878420.619999997,0.5586299679080351,A
C0198,Lucas Gabriel Dias,60321.68,17938742.299999997,0.5605147819460751,A
C0125,Gustavo Henrique Silva,59532.47,17998274.769999996,0.5623749362914976,A
C0224,Ana Júlia Ferreira,59412.23,18057686.999999996,0.5642313336122496,A
C0009,Pietro Pastor,59240.67,18116927.669999998,0.5660823703612078,A
C0019,Bernardo Aparecida,59063.33,18175990.999999996,0.5679278659362214,A
C0197,João Pedro Da Costa,58880.79,18234871.789999995,0.5697676578578469,A
C0321,Bella Castro,58855.06,18293726.849999994,0.5716066458186875,A
C0434,Gabrielly Azevedo,58642.97,18352369.819999993,0.5734390068054563,A
C0027,Srta. Elisa Martins,58433.270000000004,18410803.089999992,0.5752648154962052,A
C0354,Isabel Vasconcelos,58419.94,18469223.029999994,0.57709020767715,A
C0403,José Miguel Mendes,58324.69,18527547.719999995,0.5789126236721345,A
C0345,Bernardo Da Mota,58285.97,18585833.689999994,0.5807338298201855,A
C0331,Gustavo Da Mata,58259.6,18644093.289999995,0.5825542120099819,A
C0396,Davi Miguel Pires,58184.07,18702277.359999996,0.5843722341858613,A
C0276,Dra. Carolina Da Mota,58176.92,18760454.279999997,0.5861900329525058,A
C0302,Fernanda Lima,58102.99,18818557.269999996,0.5880055216989084,A
C0196,João Guilherme Macedo,58083.99,18876641.259999994,0.5898204167704211,A
C0058,Dr. Isaque Araújo,58057.78,18934699.039999995,0.5916344928830466,A
C0299,Igor Da Paz,58049.38,18992748.419999994,0.5934483065288786,A
C0256,Valentim Correia,57941.85,19050690.269999996,0.5952587602872953,A
C0442,Lorenzo Almeida,57917.61,19108607.879999995,0.5970684566415367,A
C0494,Henrique Sá,57900.61,19166508.489999995,0.5988776218129821,A
C0103,Bernardo Rocha,57849.700000000004,19224358.189999994,0.6006851962481835,A
C0126,Sr. João Montenegro,57556.89,19281915.079999994,0.6024836215284132,A
C0389,Maria Alice Oliveira,57508.37,19339423.449999996,0.6042805307504506,A
C0172,Luna Martins,57385.159999999996,19396808.609999996,0.6060735901470584,A
C0048,Manuela Camargo,57368.68,19454177.289999995,0.6078661346088146,A
C0382,Anthony Martins,57334.98,19511512.269999996,0.6096576260787925,A
C0106,Ana Cecília Pinto,57173.36,19568685.629999995,0.611444067562682,A
C0123,Cauê Souza,57096.26,19625781.889999997,0.6132280999763612,A
C0217,Mariane Carvalho,57005.39,19682787.279999997,0.615009293061765,A
C0142,Lucas Gabriel Viana,56384.229999999996,19739171.509999998,0.616771077352721,A
C0227,Josué Costa,56197.04,19795368.549999997,0.6185270126961712,A
C0498,Lorena Aparecida,56104.92,19851473.47,0.6202800696537876,A
C0038,Maria Cecília Câmara,56093.77,19907567.24,0.6220327782179818,A
C0173,Melina Rocha,55896.38,19963463.619999997,0.6237793191249925,A
C0333,Raquel Campos,55850.95,20019314.569999997,0.625524440524096,A
C0222,Isis Barros,55509.24,20074823.809999995,0.6272588848365376,A
C0118,Emanuel Macedo,55096.0,20129919.809999995,0.628980417032588,A
C0305,Brayan Araújo,55067.72,20184987.529999994,0.630701065590434,A
C0496,Brenda Da Paz,54896.13,20239883.659999993,0.6324163526391048,A
C0194,João Guilherme Vargas,54823.15,20294706.80999999,0.634129359351278,A
C0152,Luísa Alves,54819.62,20349526.429999992,0.635842255764906,A
C0292,Ana Liz Pimenta,54741.81,20404268.23999999,0.6375527209236302,A
C0368,Ana Lívia Da Costa,54544.6,20458812.839999992,0.6392570240494596,A
C0107,Otto Ribeiro,54463.44,20513276.279999994,0.6409587912461283,A
C0399,Sr. Caleb Da Rocha,54187.38,20567463.659999993,0.6426519326591096,A
C0482,Fernando Casa Grande,54182.97,20621646.62999999,0.6443449362770244,A
C0416,Bruna Carvalho,54061.67,20675708.299999993,0.6460341497494589,A
C0167,Gael Leão,54047.22,20729755.519999992,0.6477229117165166,A
C0169,Srta. Liz Guerra,54037.01,20783792.529999994,0.6494113546614364,A
C0427,Sr. Léo Nogueira,53883.47,20837675.999999993,0.6510950000883261,A
C0422,Daniela Leão,53829.51,20891505.509999994,0.652776959478529,A
C0121,Letícia Ribeiro,53822.88,20945328.389999993,0.6544587117074414,A
C0168,Maria Helena Rocha,53674.47,20999002.859999992,0.6561358267105439,A
C0178,Diogo Alves,53561.82,21052564.679999992,0.6578094218464713,A
C0285,Ana Júlia Cassiano,53511.5,21106076.179999992,0.6594814446813223,A
C0374,Juan Fogaça,53416.53,21159492.709999993,0.661150500079106,A
C0417,Arthur Miguel Da Rosa,53362.81,21212855.519999992,0.6628178769392541,A
C0164,Thiago Das Neves,53325.67,21266181.189999994,0.664484093321223,A
C0029,Dra. Hellena Rodrigues,53149.46,21319330.649999995,0.6661448038372804,A
C0323,Maria Liz Teixeira,53055.62,21372386.269999996,0.6678025822243033,A
C0156,Sra. Maya Pereira,53041.53,21425427.799999997,0.6694599203545265,A
C0404,Lucca Camargo,53003.42,21478431.22,0.671116067697905,A
C0278,Davi Lucas Porto,52832.47,21531263.689999998,0.6727668735295782,A
C0024,Dr. Gustavo Henrique Rios,52719.46,21583983.15,0.6744141482454993,A
C0015,Julia Aparecida,52701.67,21636684.82,0.6760608670942474,A
C0065,Gabriela Silva,52690.5,21689375.32,0.6777072369246524,A
C0297,Alexandre Jesus,52575.75,21741951.07,0.6793500212711838,A
C0026,Eloá Nascimento,52557.06,21794508.13,0.6809922216291,A
C0053,Letícia Porto,52494.87,21847003.0,0.682632478795364,A
C0402,Sarah Da Mata,52472.96,21899475.96,0.684272051360742,A
C0127,Isis Aragão,52460.68,21951936.64,0.6859112402246649,A
C0064,Mariana Cunha,52453.79,22004390.43,0.6875502138033251,A
C0385,Letícia Porto,52356.57,22056747.0,0.6891861496413128,A
C0407,Sr. Miguel Albuquerque,52330.69,22109077.69,0.6908212768316085,A
C0010,André Teixeira,52324.79,22161402.48,0.692456219670228,A
C0411,Maria Fernanda Caldeira,52306.16,22213708.64,0.6940905803949949,A
C0170,Agatha Da Rosa,52222.43,22265931.07,0.695722324888261,A
C0049,Pedro Henrique Castro,52169.409999999996,22318100.48,0.6973524127161242,A
C0080,Maria Lima,52103.71,22370204.19,0.6989804476787109,A
C0089,Ágatha Albuquerque,52075.84,22422280.03,0.7006076118139724,A
C0386,Isis Marques,52043.26,22474323.290000003,0.7022337579530283,A
C0215,Yasmin Alves,52009.9,22526333.19,0.703858861723962,A
C0204,Gustavo Leão,51911.85,22578245.040000003,0.7054809018200041,A
C0174,Thomas Melo,51830.55,22630075.590000004,0.7071004016124391,A
C0022,Mateus Da Mota,51829.58,22681905.17,0.7087198710962087,A
C0059,Bruno Barros,51631.07,22733536.240000002,0.7103331379272224,A
C0371,Beatriz Macedo,51599.340000000004,22785135.580000002,0.7119454133211702,A
C0025,Brayan Pereira,51560.35,22836695.930000003,0.7135564704317523,A
C0205,Alícia Teixeira,51554.73,22888250.660000004,0.7151673519395512,A
C0220,Rafael Duarte,51426.26,22939676.920000006,0.716774219267714,A
C0132,Daniel Barbosa,51365.47,22991042.390000004,0.7183791871486901,A
C0445,Benício Melo,51265.42,23042307.810000006,0.7199810288626811,A
C0185,Hellena Cavalcanti,51031.67,23093339.480000008,0.721575566813226,A
C0037,Dra. Mariane Pacheco,50910.1,23144249.58000001,0.723166306181858,A
C0413,Luan Pimenta,50781.09,23195030.67000001,0.7247530144979886,A
C0453,Sra. Ana Sophia Barros,50772.67,23245803.34000001,0.726339459722405,A
C0036,Dra. Zoe Da Luz,50757.86,23296561.20000001,0.7279254421928677,A
C0310,Ágatha Monteiro,50753.61,23347314.81000001,0.7295112918676315,A
C0460,Heloísa Jesus,50702.51,23398017.32000001,0.7310955448694024,A
C0450,Ana Araújo,50447.799999999996,23448465.120000012,0.7326718391905856,A
C0284,Rebeca Barbosa,50371.99,23498837.11000001,0.7342457647489588,A
C0406,Miguel Novais,50336.11,23549173.22000001,0.7358185691991717,A
C0095,Laura Lima,50244.25,23599417.47000001,0.737388503387523,A
C0240,Mariane Ribeiro,50225.98,23649643.45000001,0.7389578667105988,A
C0462,Srta. Luara Lima,50175.78,23699819.23000001,0.7405256614821238,A
C0312,Pedro Sousa,50016.36,23749835.59000001,0.7420884750088634,A
C0081,Nina Siqueira,49785.96,23799621.550000012,0.7436440894464139,A
C0352,Maria Flor Marques,49768.18,23849389.73000001,0.7451991483292516,A
C0134,Sr. Pedro Cardoso,49653.68,23899043.41000001,0.7467506295397276,A
C0412,Isabel Melo,49506.82,23948550.23000001,0.7482975219557664,A
C0304,Clarice Da Mata,49453.06,23998003.29000001,0.7498427345843276,A
C0463,Dr. Marcelo Cassiano,49414.92,24047418.210000012,0.7513867554886628,A
C0208,Mariah Nascimento,49400.01,24096818.220000014,0.7529303105144399,A
C0379,Isabella Monteiro,49354.48,24146172.700000014,0.7544724429077049,A
C0267,Sra. Júlia Das Neves,49323.72,24195496.420000013,0.7560136141725694,A
C0295,Emanuel Da Costa,49232.85,24244729.270000014,0.7575519461091587,A
C0008,Yago Leão,49179.08,24293908.350000013,0.7590885979458099,A
C0187,Isadora Campos,49173.28,24343081.630000014,0.7606250685553895,A
C0122,Davi Luiz Da Luz,49138.55,24392220.180000015,0.7621604539897628,A
C0183,Diogo Rezende,48958.44,24441178.620000016,0.7636902116986419,A
C0383,Yago Castro,48914.299999999996,24490092.920000017,0.765218590207014,A
C0181,Evelyn Silva,48904.97,24538997.890000015,0.7667466771897692,A
C0497,Raquel Moura,48875.54,24587873.430000015,0.7682738446013662,A
C0401,Vitor Hugo Fonseca,48771.57,24636645.000000015,0.7697977633614744,A
C0316,Erick Melo,48262.659999999996,24684907.660000015,0.7713057806958913,A
C0351,Dr. Yuri Teixeira,48234.77,24733142.430000015,0.7728129265780621,A
C0030,Sr. Ian Andrade,48178.05,24781320.480000015,0.7743183001844569,A
C0485,Dra. Helena Garcia,48066.75,24829387.230000015,0.7758201961058397,A
C0492,Mariana Mendonça,48055.87,24877443.100000016,0.777321752070233,A
C0348,Kaique Pastor,47868.37,24925311.470000017,0.778817449400846,A
C0112,Letícia Marques,47797.7,24973109.170000017,0.7803109385733296,A
C0420,Mirella Freitas,47782.47,25020891.640000015,0.78180395186852,A
C0271,Rodrigo Da Mota,47725.69,25068617.330000017,0.7832951910131716,A
C0119,Liz Pimenta,47561.96,25116179.290000018,0.7847813142425759,A
C0474,Rodrigo Câmara,47364.45,25163543.740000017,0.7862612660652711,A
C0344,Thomas Souza,47333.58,25210877.320000015,0.7877402533225007,A
C0309,Nathan Da Mata,47327.55,25258204.870000016,0.7892190521660681,A
C0085,Melissa Carvalho,47324.93,25305529.800000016,0.7906977691449927,A
C0287,Dante Novais,47309.24,25352839.040000014,0.7921759958734426,A
C0011,Otávio Fernandes,47122.2,25399961.240000013,0.7936483783412936,A
C0464,Olívia Azevedo,47066.42,25447027.660000015,0.7951190179046528,A
C0328,Ana Júlia Correia,47051.85,25494079.510000017,0.7965892022131096,A
C0052,Thiago Caldeira,47014.82,25541094.330000017,0.7980582294804522,A
C0028,Júlia Porto,46858.45,25587952.780000016,0.7995223708034525,A
C0467,Sra. Caroline Novais,46811.35,25634764.130000018,0.8009850404376471,B
C0155,Pedro Henrique Ferreira,46678.62,25681442.75000002,0.802443562784046,B
C0226,Ana Cecília Sá,46557.53,25728000.28000002,0.8038983015466348,B
C0346,Manuela Viana,46366.24,25774366.52000002,0.8053470632529255,B
C0190,Luiza Sá,46259.76,25820626.28000002,0.8067924978801501,B
C0466,Aylla Souza,46058.59,25866684.87000002,0.8082316467401343,B
C0423,Beatriz Mendonça,45945.24,25912630.110000018,0.8096672538607103,B
C0203,Nina Leão,45611.84,25958241.950000018,0.8110924435492739,B
C0247,Rafaela Martins,45539.65,26003781.600000016,0.8125153775857168,B
C0017,Anna Liz Novaes,45514.27,26049295.870000016,0.8139375185974914,B
C0031,Dr. João Felipe Azevedo,45152.98,26094448.850000016,0.8153483707250073,B
C0275,Kevin Albuquerque,45139.17,26139588.02000002,0.8167587913446167,B
C0073,Arthur Gabriel Farias,45112.05,26184700.07000002,0.8181683645714359,B
C0228,Eduardo Da Costa,45103.39,26229803.46000002,0.8195776672074897,B
C0318,Pedro Henrique Porto,45041.72,26274845.18000002,0.8209850428998355,B
C0476,Sr. João Lucas Oliveira,45009.69,26319854.87000002,0.8223914177813015,B
C0433,Sr. Davi Lucas Viana,44949.42,26364804.29000002,0.8237959094635251,B
C0408,Vitor Gabriel Campos,44914.62,26409718.910000023,0.8251993137833191,B
C0260,Sra. Melissa Vieira,44863.1,26454582.010000024,0.8266011083067806,B
C0210,Ryan Câmara,44858.86,26499440.870000023,0.8280027703470034,B
C0457,Sofia Pereira,44745.07,26544185.940000024,0.8294008768995577,B
C0016,Sra. Zoe Campos,44679.729999999996,26588865.670000024,0.8307969418354121,B
C0201,Srta. Hadassa Azevedo,44676.08,26633541.750000022,0.8321928927231956,B
C0133,Srta. Ísis Andrade,44674.26,26678216.010000024,0.833588786743174,B
C0336,Yuri Jesus,44263.82,26722479.830000024,0.8349718561356921,B
C0088,Beatriz Aragão,44252.99,26766732.820000023,0.8363545871335231,B
C0002,Sra. Isabelly Câmara,44210.89,26810943.710000023,0.8377360026727826,B
C0234,Amanda Das Neves,44176.77,26855120.480000023,0.8391163520969244,B
C0388,Bianca Da Costa,44165.03,26899285.510000024,0.8404963346924763,B
C0274,Ian Fonseca,44159.1,26943444.610000025,0.8418761319989706,B
C0249,Caio Da Mota,44043.68,26987488.290000025,0.84325232288674,B
C0376,Maria Sophia Nunes,44013.73,27031502.020000026,0.8446275779554069,B
C0390,Juan Almeida,44008.32,27075510.340000026,0.8460026639829604,B
C0456,Dr. Vinícius Da Rocha,43959.2,27119469.540000025,0.8473762152046936,B
C0349,Rebeca Cassiano,43858.19,27163327.730000027,0.8487466102632368,B
C0079,Calebe Ribeiro,43732.48,27207060.210000027,0.8501130773812333,B
C0363,Breno Melo,43728.68,27250788.890000027,0.8514794257642517,B
C0430,Rafael Borges,43724.18,27294513.070000026,0.8528456335400595,B
C0448,Hellena Pimenta,43653.43,27338166.500000026,0.8542096306580541,B
C0091,Raquel Mendes,43517.01,27381683.510000028,0.8555693651903404,B
C0414,Benício Porto,43143.15,27424826.660000026,0.8569174180755594,B
C0264,Maria Eduarda Melo,43111.88,27467938.540000025,0.8582644938968942,B
C0387,Gael Henrique Gomes,43023.62,27510962.160000026,0.859608811942136,B
C0171,Gustavo Henrique Lopes,42903.48,27553865.640000027,0.8609493760873117,B
C0440,Amanda Cardoso,42893.65,27596759.290000025,0.8622896330838471,B
C0075,Ryan Cunha,42777.11,27639536.400000025,0.8636262486660852,B
C0094,Julia Viana,42683.6,27682220.000000026,0.8649599424304844,B
C0229,Renan Rios,42583.67,27724803.670000028,0.866290513777424,B
C0218,Emilly Aragão,42521.11,27767324.780000027,0.867619130371674,B
C0050,Agatha Silveira,42379.66,27809704.440000027,0.8689433272126003,B
C0041,Emanuel Vieira,42375.58,27852080.020000026,0.8702673965696553,B
C0082,Carlos Eduardo Araújo,42297.72,27894377.740000024,0.8715890331095044,B
C0141,Noah Alves,42162.62,27936540.360000025,0.872906448308427,B
C0394,Luiz Gustavo Câmara,42139.53,27978679.890000027,0.8742231420361283,B
C0481,Lucca Ferreira,42104.76,28020784.65000003,0.8755387493387814,B
C0281,Maysa Fernandes,41902.26,28062686.91000003,0.8768480293169518,B
C0213,Maria Luiza Silveira,41885.06,28104571.97000003,0.8781567718631167,B
C0211,Pedro Henrique Mendonça,41812.89,28146384.86000003,0.879463259382082,B
C0300,Sra. Mirella Barbosa,41805.77,28188190.63000003,0.880769524429194,B
C0446,Maria Cecília Moraes,41718.91,28229909.54000003,0.8820730754446784,B
C0130,João Castro,41707.73,28271617.27000003,0.8833762771293593,B
C0286,Kevin Barros,41685.3,28313302.57000003,0.8846787779652098,B
C0431,Hadassa Ramos,41596.34,28354898.91000003,0.8859784991527344,B
C0090,Isaac Cavalcante,41534.39,28396433.30000003,0.8872762846476581,B
C0233,Leonardo Caldeira,41386.08,28437819.38000003,0.8885694360413766,B
C0214,Ravi Lucca Cardoso,41215.92,28479035.30000003,0.8898572706077669,B
C0244,Natália Santos,41208.33,28520243.63000003,0.8911448680166616,B
C0424,Maria Luísa Da Mota,41023.96,28561267.59000003,0.8924267045919028,B
C0242,Sr. Otto Mendonça,40992.65,28602260.24000003,0.8937075628534176,B
C0459,Srta. Helena Lopes,40836.1,28643096.34000003,0.8949835295463016,B
C0055,Sr. Vitor Hugo Vasconcelos,40677.12,28683773.46000003,0.8962545287426608,B
C0040,Benicio Camargo,40611.35,28724384.810000032,0.8975234728865201,B
C0117,Joaquim Freitas,40558.36,28764943.17000003,0.8987907613023579,B
C0195,Raquel Pires,40437.16,28805380.33000003,0.9000542626973203,B
C0443,João Aragão,40419.87,28845800.200000033,0.9013172238481328,B
C0441,Luiz Henrique Vieira,40176.89,28885977.090000033,0.9025725928344871,B
C0083,Maitê Caldeira,40171.47,28926148.560000032,0.9038277924672675,B
C0405,Ana Vitória Casa Grande,40022.770000000004,28966171.33000003,0.9050783458128846,B
C0223,Allana Souza,39950.56,29006121.89000003,0.9063266428814603,B
C0369,Laura Da Conceição,39896.05,29046017.94000003,0.9075732367280233,B
C0313,Dr. Apollo Borges,39877.75,29085895.69000003,0.9088192587719294,B
C0086,Emilly Da Mota,39805.12,29125700.810000032,0.9100630114154543,B
C0350,Zoe Mendes,39781.33,29165482.14000003,0.9113060207155251,B
C0490,Ana Julia Rocha,39742.12,29205224.26000003,0.9125478048580998,B
C0288,Heloisa Vasconcelos,39471.93,29244696.19000003,0.9137811466312821,B
C0238,Sra. Bárbara Vieira,39423.99,29284120.18000003,0.9150129904689793,B
C0319,Ayla Melo,39387.67,29323507.85000003,0.9162436994502559,B
C0013,Sr. Caleb Garcia,39346.68,29362854.53000003,0.9174731276560728,B
C0033,Sara Gonçalves,39306.57,29402161.10000003,0.9187013025829515,B
C0039,Thomas Monteiro,39159.76,29441320.860000033,0.9199248902776953,B
C0472,Luiz Gustavo Caldeira,39146.14,29480467.000000034,0.9211480524012814,B
C0461,Dr. Murilo Leão,39131.86,29519598.860000033,0.9223707683313187,B
C0045,Yuri Albuquerque,39128.45,29558727.310000032,0.9235933777123363,B
C0250,Isabelly Sá,39064.46,29597791.770000033,0.9248139876588174,B
C0330,Melina Teixeira,39062.86,29636854.630000032,0.9260345476116236,B
C0478,Amanda Pereira,38909.34,29675763.970000032,0.9272503106713207,B
C0061,Carolina Cardoso,38845.67,29714609.640000034,0.9284640842952163,B
C0392,Benicio Pereira,38835.27,29753444.910000034,0.9296775329602248,B
C0293,Srta. Giovanna Pires,38749.13,29792194.040000033,0.9308882900907595,B
C0147,Ian Câmara,38734.01,29830928.050000034,0.9320985747810663,B
C0105,Isadora Pacheco,38508.6,29869436.650000036,0.9333018162999575,B
C0104,Nathan Campos,38483.5,29907920.150000036,0.9345042735430732,B
C0314,Antônio Teixeira,38444.44,29946364.590000037,0.9357055103155999,B
C0452,Bianca Mendonça,38393.63,29984758.220000036,0.9369051594764871,B
C0047,Juliana Vargas,38385.35,30023143.570000038,0.9381045499201067,B
C0361,Alice Silveira,38027.89,30061171.46000004,0.9392927711518271,B
C0202,Maria Luísa Farias,37918.72,30099090.180000037,0.940477581252615,B
C0322,Dr. Thales Da Paz,37689.23,30136779.410000037,0.9416552206981166,B
C0339,Theo Silva,37623.41,30174402.820000038,0.9428308035288158,B
C0334,Isaque Santos,37474.58,30211877.400000036,0.9440017360103654,B
C0415,Liz Rezende,37264.8,30249142.200000037,0.9451661136962116,B
C0381,Jade Marques,37111.44,30286253.640000038,0.9463256994883162,B
C0258,Rebeca Novais,37013.729999999996,30323267.37000004,0.9474822322291852,B
C0124,Daniela Da Mata,36759.25,30360026.62000004,0.9486308134760573,B
C0282,Benjamim Da Cunha,36449.91,30396476.53000004,0.9497697290708035,B
C0159,Pedro Henrique Abreu,36352.67,30432829.20000004,0.9509056062999562,C
C0367,Dr. Vitor Hugo Andrade,36279.06,30469108.26000004,0.9520391835076019,C
C0409,Maria Eduarda Rocha,36265.8,30505374.06000004,0.9531723463926666,C
C0056,Agatha Peixoto,36038.659999999996,30541412.72000004,0.9542984120506547,C
C0138,Luiz Gustavo Vasconcelos,35930.83,30577343.550000038,0.9554211084474132,C
C0495,Bruna Ferreira,35887.98,30613231.53000004,0.9565424659510653,C
C0023,Maria Clara Castro,35649.71,30648881.24000004,0.9576563784591395,C
C0163,Dr. Davi Silveira,35647.41,30684528.65000004,0.9587702191013061,C
C0145,Ravy Câmara,35632.3,30720160.95000004,0.9598835876157051,C
C0253,Ryan Cunha,35552.74,30755713.69000004,0.9609944701946184,C
C0487,Léo Das Neves,35525.64,30791239.33000004,0.9621045060056627,C
C0111,Caroline Rios,35486.41,30826725.74000004,0.96321331603429,C
C0320,Dr. Lucas Gabriel Duarte,35325.76,30862051.50000004,0.9643171063854942,C
C0435,Giovanna Pastor,35193.37,30897244.870000042,0.9654167600725588,C
C0332,Caroline Da Paz,34650.29,30931895.16000004,0.9664994446565119,C
C0062,Olívia Novaes,34428.8,30966323.960000042,0.9675752085535532,C
C0391,Maria Laura Da Mota,34416.5,31000740.460000042,0.9686505881242183,C
C0020,Heloísa Vargas,34374.11,31035114.57000004,0.9697246431749584,C
C0014,Luiz Henrique Ferreira,33831.97,31068946.54000004,0.970781758493871,C
C0230,Henrique Martins,33796.53,31102743.07000004,0.9718377664528841,C
C0493,Melina Leão,33792.05,31136535.120000042,0.9728936344296074,C
C0189,Vitória Novais,33587.22,31170122.34000004,0.9739431022785587,C
C0035,Davi Miguel Da Cruz,33580.86,31203703.20000004,0.9749923714026524,C
C0246,Dra. Júlia Pimenta,33566.05,31237269.25000004,0.9760411777727924,C
C0451,Maria Liz Lima,33495.95,31270765.20000004,0.9770877937950498,C
C0360,Beatriz Moura,33393.25,31304158.45000004,0.978131200848298,C
C0034,Natália Casa Grande,33209.82,31337368.27000004,0.9791688764391764,C
C0307,Dra. Laura Macedo,32856.01,31370224.280000042,0.9801954968662265,C
C0437,Alexandre Da Mota,32577.66,31402801.940000042,0.9812134199561421,C
C0343,Clara Gomes,32565.190000000002,31435367.130000044,0.9822309534078536,C
C0438,Davi Lucca Nogueira,32429.87,31467797.000000045,0.9832442586445084,C
C0410,Dra. Julia Pacheco,32420.82,31500217.820000045,0.9842572811044393,C
C0042,Mariana Peixoto,31858.97,31532076.790000044,0.9852527479729597,C
C0046,Bruna Rodrigues,30949.98,31563026.770000044,0.9862198124973738,C
C0087,Isadora Barbosa,30612.78,31593639.550000045,0.9871763408547973,C
C0468,Lucas Rios,30461.25,31624100.800000045,0.988128134498745,C
C0364,Lucca Pinto,29516.76,31653617.560000047,0.9890504165639239,C
C0483,Maria Liz Azevedo,29481.7,31683099.260000046,0.9899716031427008,C
C0191,Sofia Lima,29463.81,31712563.070000045,0.9908922307297001,C
C0007,Amanda Novais,29385.63,31741948.700000044,0.9918104155007583,C
C0161,Dra. Fernanda Fonseca,28784.05,31770732.750000045,0.9927098032749656,C
C0272,Dra. Valentina Peixoto,28105.94,31798838.690000046,0.9935880027923581,C
C0245,Pedro Henrique Cavalcanti,27884.71,31826723.400000047,0.994459289746811,C
C0051,Sra. Sarah Teixeira,27525.45,31854248.850000046,0.9953193512464802,C
C0182,Sra. Sabrina Guerra,27437.65,31881686.500000045,0.9961766693432378,C
C0063,João Moura,26015.9,31907702.400000043,0.9969895633729173,C
C0347,Juliana Abreu,25887.53,31933589.930000044,0.9977984463475656,C
C0294,João Ribeiro,25750.65,31959340.580000043,0.998603052363324,C
C0428,Maria Alice Araújo,23459.52,31982800.100000042,0.9993360696238127,C
C0269,Srta. Luara Campos,21248.46,32004048.560000043,1.0000000000000013,
